file_name,label
test_0001.png,0
test_0002.png,0
test_0003.png,1
test_0004.png,1
test_0005.png,1
test_0006.png,1
test_0007.png,1
test_0008.png,1
test_0009.png,1
test_0010.png,1
test_0011.png,1
test_0012.png,0
test_0013.png,1
test_0014.png,1
test_0015.png,1
test_0016.png,1
test_0017.png,1
test_0018.png,0
test_0019.png,0
test_0020.png,0
test_0021.png,1
test_0022.png,1
test_0023.png,1
test_0024.png,1
test_0025.png,0
test_0026.png,1
test_0027.png,1
test_0028.png,1
test_0029.png,1
test_0030.png,0
test_0031.png,1
test_0032.png,1
test_0033.png,0
test_0034.png,1
test_0035.png,1
test_0036.png,0
test_0037.png,1
test_0038.png,1
test_0039.png,1
test_0040.png,1
test_0041.png,1
test_0042.png,1
test_0043.png,1
test_0044.png,1
test_0045.png,1
test_0046.png,0
test_0047.png,1
test_0048.png,0
test_0049.png,0
test_0050.png,0
test_0051.png,0
test_0052.png,1
test_0053.png,1
test_0054.png,1
test_0055.png,1
test_0056.png,1
test_0057.png,1
test_0058.png,1
test_0059.png,1
test_0060.png,0
test_0061.png,0
test_0062.png,0
test_0063.png,0
test_0064.png,1
test_0065.png,1
test_0066.png,1
test_0067.png,1
test_0068.png,0
test_0069.png,1
test_0070.png,1
test_0071.png,1
test_0072.png,0
test_0073.png,1
test_0074.png,0
test_0075.png,1
test_0076.png,1
test_0077.png,1
test_0078.png,1
test_0079.png,0
test_0080.png,0
test_0081.png,1
test_0082.png,1
test_0083.png,1
test_0084.png,0
test_0085.png,1
test_0086.png,0
test_0087.png,1
test_0088.png,0
test_0089.png,0
test_0090.png,0
test_0091.png,0
test_0092.png,1
test_0093.png,1
test_0094.png,1
test_0095.png,0
test_0096.png,0
test_0097.png,0
test_0098.png,1
test_0099.png,0
test_0100.png,1
test_0101.png,0
test_0102.png,1
test_0103.png,1
test_0104.png,0
test_0105.png,1
test_0106.png,1
test_0107.png,1
test_0108.png,0
test_0109.png,1
test_0110.png,0
test_0111.png,1
test_0112.png,1
test_0113.png,1
test_0114.png,0
test_0115.png,1
test_0116.png,1
test_0117.png,0
test_0118.png,1
test_0119.png,0
test_0120.png,0
test_0121.png,1
test_0122.png,1
test_0123.png,0
test_0124.png,1
test_0125.png,0
test_0126.png,1
test_0127.png,0
test_0128.png,1
test_0129.png,1
test_0130.png,0
test_0131.png,1
test_0132.png,1
test_0133.png,1
test_0134.png,1
test_0135.png,1
test_0136.png,0
test_0137.png,0
test_0138.png,1
test_0139.png,1
test_0140.png,1
test_0141.png,1
test_0142.png,1
test_0143.png,1
test_0144.png,1
test_0145.png,1
test_0146.png,0
test_0147.png,1
test_0148.png,0
test_0149.png,1
test_0150.png,0
test_0151.png,0
test_0152.png,0
test_0153.png,1
test_0154.png,1
test_0155.png,1
test_0156.png,1
test_0157.png,0
test_0158.png,0
test_0159.png,1
test_0160.png,1
test_0161.png,1
test_0162.png,0
test_0163.png,1
test_0164.png,1
test_0165.png,1
test_0166.png,1
test_0167.png,1
test_0168.png,1
test_0169.png,1
test_0170.png,1
test_0171.png,1
test_0172.png,1
test_0173.png,1
test_0174.png,0
test_0175.png,1
test_0176.png,0
test_0177.png,1
test_0178.png,1
test_0179.png,1
test_0180.png,1
test_0181.png,1
test_0182.png,0
test_0183.png,0
test_0184.png,1
test_0185.png,0
test_0186.png,1
test_0187.png,0
test_0188.png,1
test_0189.png,1
test_0190.png,0
test_0191.png,0
test_0192.png,0
test_0193.png,1
test_0194.png,1
test_0195.png,0
test_0196.png,0
test_0197.png,0
test_0198.png,0
test_0199.png,1
test_0200.png,1
test_0201.png,1
test_0202.png,1
test_0203.png,1
test_0204.png,1
test_0205.png,1
test_0206.png,1
test_0207.png,0
test_0208.png,1
test_0209.png,0
test_0210.png,0
test_0211.png,1
test_0212.png,1
test_0213.png,0
test_0214.png,1
test_0215.png,0
test_0216.png,0
test_0217.png,0
test_0218.png,0
test_0219.png,1
test_0220.png,1
test_0221.png,0
test_0222.png,0
test_0223.png,0
test_0224.png,1
test_0225.png,1
test_0226.png,1
test_0227.png,1
test_0228.png,0
test_0229.png,0
test_0230.png,1
test_0231.png,1
test_0232.png,1
test_0233.png,0
test_0234.png,0
test_0235.png,1
test_0236.png,1
test_0237.png,0
test_0238.png,0
test_0239.png,1
test_0240.png,1
test_0241.png,1
test_0242.png,1
test_0243.png,1
test_0244.png,1
test_0245.png,1
test_0246.png,0
test_0247.png,0
test_0248.png,1
test_0249.png,0
test_0250.png,0
test_0251.png,0
test_0252.png,1
test_0253.png,1
test_0254.png,0
test_0255.png,0
test_0256.png,1
test_0257.png,1
test_0258.png,0
test_0259.png,1
test_0260.png,0
test_0261.png,0
test_0262.png,1
test_0263.png,1
test_0264.png,0
test_0265.png,1
test_0266.png,1
test_0267.png,1
test_0268.png,0
test_0269.png,0
test_0270.png,1
test_0271.png,0
test_0272.png,1
test_0273.png,1
test_0274.png,1
test_0275.png,1
test_0276.png,1
test_0277.png,1
test_0278.png,0
test_0279.png,0
test_0280.png,0
test_0281.png,0
test_0282.png,1
test_0283.png,1
test_0284.png,1
test_0285.png,1
test_0286.png,0
test_0287.png,1
test_0288.png,1
test_0289.png,1
test_0290.png,1
test_0291.png,1
test_0292.png,0
test_0293.png,1
test_0294.png,1
test_0295.png,1
test_0296.png,1
test_0297.png,0
test_0298.png,1
test_0299.png,1
test_0300.png,1
test_0301.png,1
test_0302.png,1
test_0303.png,1
test_0304.png,1
test_0305.png,1
test_0306.png,0
test_0307.png,1
test_0308.png,0
test_0309.png,1
test_0310.png,1
test_0311.png,1
test_0312.png,1
test_0313.png,1
test_0314.png,1
test_0315.png,1
test_0316.png,1
test_0317.png,1
test_0318.png,0
test_0319.png,1
test_0320.png,1
test_0321.png,1
test_0322.png,1
test_0323.png,0
test_0324.png,0
test_0325.png,1
test_0326.png,0
test_0327.png,1
test_0328.png,1
test_0329.png,1
test_0330.png,1
test_0331.png,1
test_0332.png,1
test_0333.png,0
test_0334.png,1
test_0335.png,0
test_0336.png,1
test_0337.png,1
test_0338.png,0
test_0339.png,0
test_0340.png,1
test_0341.png,1
test_0342.png,1
test_0343.png,0
test_0344.png,1
test_0345.png,0
test_0346.png,0
test_0347.png,1
test_0348.png,1
test_0349.png,1
test_0350.png,1
test_0351.png,1
test_0352.png,1
test_0353.png,0
test_0354.png,1
test_0355.png,1
test_0356.png,1
test_0357.png,1
test_0358.png,1
test_0359.png,1
test_0360.png,0
test_0361.png,1
test_0362.png,1
test_0363.png,0
test_0364.png,1
test_0365.png,0
test_0366.png,1
test_0367.png,0
test_0368.png,0
test_0369.png,0
test_0370.png,1
test_0371.png,1
test_0372.png,1
test_0373.png,1
test_0374.png,1
test_0375.png,0
test_0376.png,1
test_0377.png,0
test_0378.png,1
test_0379.png,1
test_0380.png,0
test_0381.png,1
test_0382.png,0
test_0383.png,0
test_0384.png,1
test_0385.png,1
test_0386.png,1
test_0387.png,1
test_0388.png,1
test_0389.png,1
test_0390.png,1
test_0391.png,1
test_0392.png,0
test_0393.png,1
test_0394.png,1
test_0395.png,1
test_0396.png,1
test_0397.png,1
test_0398.png,1
test_0399.png,0
test_0400.png,1
test_0401.png,0
test_0402.png,1
test_0403.png,1
test_0404.png,1
test_0405.png,1
test_0406.png,0
test_0407.png,0
test_0408.png,1
test_0409.png,1
test_0410.png,0
test_0411.png,1
test_0412.png,1
test_0413.png,0
test_0414.png,0
test_0415.png,1
test_0416.png,1
test_0417.png,1
test_0418.png,0
test_0419.png,0
test_0420.png,1
test_0421.png,1
test_0422.png,1
test_0423.png,1
test_0424.png,1
test_0425.png,0
test_0426.png,1
test_0427.png,1
test_0428.png,0
test_0429.png,1
test_0430.png,1
test_0431.png,1
test_0432.png,1
test_0433.png,0
test_0434.png,1
test_0435.png,1
test_0436.png,1
test_0437.png,1
test_0438.png,0
test_0439.png,1
test_0440.png,1
test_0441.png,1
test_0442.png,1
test_0443.png,0
test_0444.png,1
test_0445.png,1
test_0446.png,1
test_0447.png,0
test_0448.png,1
test_0449.png,1
test_0450.png,1
test_0451.png,0
test_0452.png,0
test_0453.png,1
test_0454.png,1
test_0455.png,1
test_0456.png,0
test_0457.png,0
test_0458.png,0
test_0459.png,1
test_0460.png,1
test_0461.png,1
test_0462.png,0
test_0463.png,1
test_0464.png,0
test_0465.png,1
test_0466.png,0
test_0467.png,1
test_0468.png,0
test_0469.png,1
test_0470.png,1
test_0471.png,1
test_0472.png,0
test_0473.png,1
test_0474.png,0
test_0475.png,0
test_0476.png,0
test_0477.png,1
test_0478.png,1
test_0479.png,1
test_0480.png,1
test_0481.png,0
test_0482.png,1
test_0483.png,0
test_0484.png,0
test_0485.png,1
test_0486.png,1
test_0487.png,0
test_0488.png,1
test_0489.png,1
test_0490.png,1
test_0491.png,1
test_0492.png,1
test_0493.png,1
test_0494.png,1
test_0495.png,0
test_0496.png,0
test_0497.png,1
test_0498.png,0
test_0499.png,0
test_0500.png,1
test_0501.png,0
test_0502.png,1
test_0503.png,1
test_0504.png,1
test_0505.png,1
test_0506.png,1
test_0507.png,1
test_0508.png,1
test_0509.png,0
test_0510.png,1
test_0511.png,1
test_0512.png,0
test_0513.png,1
test_0514.png,1
test_0515.png,0
test_0516.png,1
test_0517.png,0
test_0518.png,1
test_0519.png,1
test_0520.png,0
test_0521.png,0
test_0522.png,0
test_0523.png,0
test_0524.png,1
test_0525.png,1
test_0526.png,0
test_0527.png,1
test_0528.png,1
test_0529.png,1
test_0530.png,1
test_0531.png,1
test_0532.png,1
test_0533.png,1
test_0534.png,1
test_0535.png,0
test_0536.png,1
test_0537.png,1
test_0538.png,1
test_0539.png,1
test_0540.png,1
test_0541.png,0
test_0542.png,0
test_0543.png,1
test_0544.png,1
test_0545.png,1
test_0546.png,1
test_0547.png,1
test_0548.png,0
test_0549.png,1
test_0550.png,0
test_0551.png,1
test_0552.png,1
test_0553.png,1
test_0554.png,0
test_0555.png,1
test_0556.png,1
test_0557.png,0
test_0558.png,0
test_0559.png,1
test_0560.png,0
test_0561.png,1
test_0562.png,0
test_0563.png,0
test_0564.png,1
test_0565.png,1
test_0566.png,1
test_0567.png,1
test_0568.png,0
test_0569.png,1
test_0570.png,0
test_0571.png,1
test_0572.png,0
test_0573.png,0
test_0574.png,0
test_0575.png,0
test_0576.png,1
test_0577.png,1
test_0578.png,1
test_0579.png,0
test_0580.png,1
test_0581.png,0
test_0582.png,1
test_0583.png,1
test_0584.png,0
test_0585.png,1
test_0586.png,1
test_0587.png,1
test_0588.png,0
test_0589.png,1
test_0590.png,0
test_0591.png,1
test_0592.png,1
test_0593.png,0
test_0594.png,0
test_0595.png,0
test_0596.png,0
test_0597.png,1
test_0598.png,0
test_0599.png,0
test_0600.png,0
test_0601.png,1
test_0602.png,0
test_0603.png,1
test_0604.png,1
test_0605.png,0
test_0606.png,1
test_0607.png,0
test_0608.png,1
test_0609.png,1
test_0610.png,0
test_0611.png,0
test_0612.png,0
test_0613.png,0
test_0614.png,1
test_0615.png,1
test_0616.png,0
test_0617.png,1
test_0618.png,0
test_0619.png,0
test_0620.png,0
test_0621.png,1
test_0622.png,1
test_0623.png,0
test_0624.png,0
